il,ilce,uzaklik_km,ad,klinik,uzmanlik,adres,yorum,renk,varlik,konum,kaynak,lat,lng,not
Mardin,Artuklu,0.02,Dt. Vedat Tari,Vedat Tari Muay.,Dis hekimi,Inonu Cad. Ramazanoglu Pasaji D:4,3,BEYAZ standart,60,30,dt,37.3129044,40.7339516,"Konum: ilce-merkezine atanmis, DOGRULA"
Mardin,Artuklu,0.02,Dt. Halis Okmen,Halis Okmen Muay.,Dis hekimi,Ozcelik Apt. k1 No:2 Yenisehir,1,BEYAZ standart,60,30,dt,37.3129044,40.7339516,"Konum: ilce-merkezine atanmis, DOGRULA"
Mardin,Artuklu,0.02,Dt. Yusuf Varisli,Yusuf Varisli Muay.,Dis hekimi,2.Cad No:11,0,BEYAZ standart,60,30,dt,37.3129044,40.7339516,"Konum: ilce-merkezine atanmis, DOGRULA"
Mardin,Artuklu,0.02,Dt. Abdulkerim Isiker,Abdulkerim Isiker Muay.,Dis hekimi,Kosesoy Apt. k2 No:8 (Valilik Karsisi),2,BEYAZ standart,60,30,dt,37.3129044,40.7339516,"Konum: ilce-merkezine atanmis, DOGRULA"
Mardin,Artuklu,0.02,Dt. Mahmut Persembe,Mahmut Persembe Muay.,Dis hekimi,Mardin merkez,1,BEYAZ standart,60,30,dt,37.3129044,40.7339516,"Konum: ilce-merkezine atanmis, DOGRULA"
Mardin,Artuklu,0.02,Dt. Nezir Damar,Nezir Damar Muay.,Dis hekimi,Mardin merkez,0,BEYAZ standart,60,30,dt,37.3129044,40.7339516,"Konum: ilce-merkezine atanmis, DOGRULA"
Mardin,Artuklu,0.02,Dt. Salih Kilic,Salih Kilic Muay.,Dis hekimi,Mardin merkez,0,BEYAZ standart,60,30,dt,37.3129044,40.7339516,"Konum: ilce-merkezine atanmis, DOGRULA"
Mardin,Artuklu,0.02,Dt. Belman Yaman,Belman Yaman Muay.,Dis hekimi,Mardin merkez,0,BEYAZ standart,60,30,dt,37.3129044,40.7339516,"Konum: ilce-merkezine atanmis, DOGRULA"
Mardin,Artuklu,0.02,Dt. Hakan Ipek,Hakan Ipek Muay.,Dis hekimi,Mardin merkez,0,BEYAZ standart,60,30,dt,37.3129044,40.7339516,"Konum: ilce-merkezine atanmis, DOGRULA"
Mardin,Artuklu,0.02,Dt. Ramazan Oltan,Ramazan Oltan Muay.,Dis hekimi,Mardin merkez,0,BEYAZ standart,60,30,dt,37.3129044,40.7339516,"Konum: ilce-merkezine atanmis, DOGRULA"
Mardin,Artuklu,0.02,Dt. Zilan Bicer,Zilan Bicer Muay.,Dis hekimi,Mardin merkez,0,BEYAZ standart,60,30,dt,37.3129044,40.7339516,"Konum: ilce-merkezine atanmis, DOGRULA"
Mardin,Artuklu,0.02,Dt. Senem Aktoprak,-,Dis hekimi,Mardin merkez,0,BEYAZ standart,60,30,dt,37.3129044,40.7339516,"Konum: ilce-merkezine atanmis, DOGRULA"
Mardin,Artuklu,0.02,Dt. Canan Alpergin,-,Dis hekimi,Mardin merkez,0,BEYAZ standart,60,30,dt,37.3129044,40.7339516,"Konum: ilce-merkezine atanmis, DOGRULA"
Mardin,Artuklu,0.02,Dt. Nagihan Argin,-,Dis hekimi,Mardin merkez,0,BEYAZ standart,60,30,dt,37.3129044,40.7339516,"Konum: ilce-merkezine atanmis, DOGRULA"
Mardin,Artuklu,0.02,Dt. Firat Paksoylu,Firat Paksoylu Muay.,Dis hekimi,Mardin merkez,0,BEYAZ standart,60,30,dt,37.3129044,40.7339516,"Konum: ilce-merkezine atanmis, DOGRULA"
Mardin,Artuklu,0.02,Dt. Isil Yorulmaz,Isil Yorulmaz Muay.,Dis hekimi,Mardin merkez,0,BEYAZ standart,60,30,dt,37.3129044,40.7339516,"Konum: ilce-merkezine atanmis, DOGRULA"
Mardin,Artuklu,0.02,Dt. Selcuk Ilhan,Selcuk Ilhan Muay.,Dis hekimi,Mardin merkez,0,BEYAZ standart,60,30,dt,37.3129044,40.7339516,"Konum: ilce-merkezine atanmis, DOGRULA"
Mardin,Artuklu,0.02,Dt. Mahmut Bulent Ozkan,Mahmut Ozkan Muay.,Dis hekimi,Yeni Mah. 94.Sok. No:2 D:3,0,BEYAZ standart,60,30,dt,37.3129044,40.7339516,"Konum: ilce-merkezine atanmis, DOGRULA"
Mardin,Artuklu,0.02,Dt. Gokhan Ozdemir,-,Dis hekimi,Mardin merkez,0,BEYAZ standart,60,30,dt,37.3129044,40.7339516,"Konum: ilce-merkezine atanmis, DOGRULA"
Mardin,Artuklu,0.02,Dt. Tezcan Ozgun,Tezcan Ozgun Muay.,Dis hekimi,Mardin merkez,0,BEYAZ standart,60,30,dt,37.3129044,40.7339516,"Konum: ilce-merkezine atanmis, DOGRULA"
Mardin,Artuklu,0.02,Dt. Mahsum Akaslan,Mahsum Akaslan Muay.,Dis hekimi,Mardin merkez,0,BEYAZ standart,60,30,dt,37.3129044,40.7339516,"Konum: ilce-merkezine atanmis, DOGRULA"
Mardin,Artuklu,0.02,Dt. Ahmet Karatas,Ahmet Karatas Muay.,Dis hekimi,Mardin merkez,0,BEYAZ standart,60,30,dt,37.3129044,40.7339516,"Konum: ilce-merkezine atanmis, DOGRULA"
Mardin,Artuklu,0.02,Dt. Halime Savci,Halime Savci Muay.,Dis hekimi,Mardin merkez,0,BEYAZ standart,60,30,dt,37.3129044,40.7339516,"Konum: ilce-merkezine atanmis, DOGRULA"
Mardin,Artuklu,0.02,Dt. Ozgur Sen,Ozgur Sen Muay.,Dis hekimi,Mardin merkez,0,BEYAZ standart,60,30,dt,37.3129044,40.7339516,"Konum: ilce-merkezine atanmis, DOGRULA"
Mardin,Artuklu,0.02,Dt. Osman Savci,Osman Savci Muay.,Dis hekimi,Mardin merkez,0,BEYAZ standart,60,30,dt,37.3129044,40.7339516,"Konum: ilce-merkezine atanmis, DOGRULA"
Mardin,Artuklu,0.02,Dt. Hatice Samanci,Hatice Samanci Muay.,Dis hekimi,Urfa Cad. Akbank Yani,0,BEYAZ standart,60,30,dt,37.3129044,40.7339516,"Konum: ilce-merkezine atanmis, DOGRULA"
Mardin,Artuklu,0.02,Dt. Nevzat Gok,Nevzat Gok Muay.,Dis hekimi,Sakarya Cad. No:37,0,BEYAZ standart,60,30,dt,37.3129044,40.7339516,"Konum: ilce-merkezine atanmis, DOGRULA"
Mardin,Artuklu,0.02,Dt. Bayram Kurkunc,Bayram Kurkunc Muay.,Dis hekimi,Eski Belediye Binasi k2 No:11,0,BEYAZ standart,60,30,dt,37.3129044,40.7339516,"Konum: ilce-merkezine atanmis, DOGRULA"
Mardin,Artuklu,0.02,Dt. Mehmet Dayan,Mehmet Dayan Muay.,Dis hekimi,Mardin merkez,0,BEYAZ standart,60,30,dt,37.3129044,40.7339516,"Konum: ilce-merkezine atanmis, DOGRULA"
Mardin,Artuklu,0.02,Dt. Fatma Bilgic,Fatma Bilgic Muay.,Dis hekimi,Mardin merkez,0,BEYAZ standart,60,30,dt,37.3129044,40.7339516,"Konum: ilce-merkezine atanmis, DOGRULA"
Mardin,Artuklu,0.02,Dt. Eliza Agaoglu,Eliza Agaoglu Muay.,Dis hekimi,Mardin merkez,0,BEYAZ standart,60,30,dt,37.3129044,40.7339516,"Konum: ilce-merkezine atanmis, DOGRULA"
Mardin,Artuklu,0.02,Dt. Onur Budak,Onur Budak Muay.,Dis hekimi,Mardin merkez,0,BEYAZ standart,60,30,dt,37.3129044,40.7339516,"Konum: ilce-merkezine atanmis, DOGRULA"
Mardin,Artuklu,0.02,Dt. Hasan Ertas,Hasan Ertas Muay.,Dis hekimi,Mardin merkez,0,BEYAZ standart,60,30,dt,37.3129044,40.7339516,"Konum: ilce-merkezine atanmis, DOGRULA"
Mardin,Artuklu,0.02,Dt. Halit Guzcan,Halit Guzcan Muay.,Dis hekimi,Mardin merkez,0,BEYAZ standart,60,30,dt,37.3129044,40.7339516,"Konum: ilce-merkezine atanmis, DOGRULA"
Mardin,Artuklu,0.02,Dt. Mehmet Helvacier,Mehmet Helvacier Muay.,Dis hekimi,13 Mart Mah. Dabakoglu Apt. A-Blok k1 No:2,0,BEYAZ standart,60,30,dt,37.3129044,40.7339516,"Konum: ilce-merkezine atanmis, DOGRULA"
Mardin,Artuklu,1.14,Dt. Umit Ustuner,Alfadent Mardin,Dis hekimi,Yenisehir Mah. SSK Cad. Meric Apt. No:4/Z2,0,BEYAZ standart,60,100,dt,37.3199081,40.7248306,
Mardin,Artuklu,1.14,Dt. Fatih Arslan,Fatih Arslan Muay.,Dis hekimi,Yenisehir Mah. SSK Cad. No:4,0,BEYAZ standart,60,100,dt,37.3196335,40.7245178,
Mardin,Artuklu,1.33,Dt. Zelal Yildirim Sen,Zelal Yildirim Sen Muay.,Dis hekimi,Ali Ozan Cad. Koyan Is Mrk. k3 No:11,0,BEYAZ standart,60,100,dt,37.3218269,40.7243271,
Mardin,Artuklu,1.4,Dt. Sevcan Aydin Altan,Sevcan Aydin Altan Muay.,Dis hekimi,"Yeni, PTT Cd. Ozmen Sitesi B blok k2 no8",0,BEYAZ standart,60,100,dt,37.3208199,40.7219238,
Mardin,Artuklu,1.41,Dt. Hakan Gunes,Hakan Gunes Muay.,Dis hekimi,Karayollari Arkasi Kultur Cd. D Blok No:2,0,BEYAZ standart,60,100,dt,37.318573,40.7198486,
Mardin,Artuklu,1.63,Dt. Murat Cecen,Murat Cecen Muay.,Dis hekimi,Yenisehir Mah. Ravza Cad. No:4-M,0,BEYAZ standart,60,100,dt,37.3213806,40.719101,
Mardin,Artuklu,1.66,Dt. Huseyin Yildirim,Huseyin Yildirim Muay.,Dis hekimi,Kultur Cd. Karayollari Parki Arkasi No:1/3,21,BEYAZ standart,60,100,dt,37.3230362,40.7204475,
Mardin,Artuklu,1.68,Dr. Dt. Esra Turk,Esra Turk Muay.,Protetik dis tedavisi,Mardin merkez,0,MAVI UZMAN,60,100,dt,37.3239822,40.7214279,
Mardin,Artuklu,2.78,Dt. Mahmut Ozel,Ozel Daradent ADSP,Dis hekimi,Yenisehir Mah. Vali Ozan Blv. No:5 Teras2,22,BEYAZ standart,60,100,dt,37.329937,40.7111893,
Mardin,Artuklu,2.87,Dt. Seyhmus Ete,Seyhmus Ete Muay.,Dis hekimi,13 Mart Mah. Valiozan Cad. No:55,0,BEYAZ standart,60,100,dt,37.3307877,40.7108612,
Mardin,Artuklu,2.89,Dt. Yusuf Ziya Surer,Estetik DH Y.Z. Surer,Dis hekimi,Yenisehir Mah. Kiziltepe Cad. No:5-A,31,BEYAZ standart,60,100,dt,37.2936478,40.7117958,
Mardin,Artuklu,7.73,Dt. Alime Kaya,Alime Kaya Muay.,Dis hekimi,Mardin,0,BEYAZ standart,60,100,dt,37.3528214,40.8053703,
Mardin,Kiziltepe,18.26,Uzm. Dt. Zeynep Suzer Erdem,Spident ADSP,Ortodonti,Cumhuriyet Mah. Hastane Cd. No:11,4,MAVI UZMAN,60,100,dt,37.1932755,40.5924339,
Mardin,Kiziltepe,18.36,Dt. Zuhal Yildiz,Deniz Dental,Dis hekimi,Cumhuriyet Mah. Eski Hastane Cd. No:23/A,0,BEYAZ standart,60,100,dt,37.1907272,40.5941658,
Mardin,Kiziltepe,18.36,Dt. Mehmet Sariboga,Deniz Dental,Dis hekimi,Cumhuriyet Mah. Eski Hastane Cd. No:23/A,0,BEYAZ standart,60,100,dt,37.1907272,40.5941658,
Mardin,Kiziltepe,18.36,Dt. Suat Onal,Deniz Dental,Dis hekimi,Cumhuriyet Mah. Eski Hastane Cd. No:23/A,0,BEYAZ standart,60,100,dt,37.1907272,40.5941658,
Mardin,Kiziltepe,18.36,Dt. Abdulkadir Duzce,Deniz Dental,Dis hekimi,Cumhuriyet Mah. Eski Hastane Cd. No:23/A,0,BEYAZ standart,60,100,dt,37.1907272,40.5941658,
Mardin,Kiziltepe,18.6,Dt. Gurbet Mutlu,DH Gurbet Mutlu,Dis hekimi,Kiziltepe,0,BEYAZ standart,60,100,dt,37.1931114,40.5870361,
Mardin,Kiziltepe,18.6,Dt. Ali Emer,Ali Emer Muay.,Dis hekimi,Kiziltepe,0,BEYAZ standart,60,100,dt,37.1931114,40.5870361,
Mardin,Kiziltepe,18.67,Dt. Azize Duyan,-,Dis hekimi,Tepebasi Mah. 699A Sok. No:4/3A,0,BEYAZ standart,60,100,dt,37.1866074,40.5947342,
Mardin,Kiziltepe,18.77,Dt. Abdullah Emre Durgan,DH Emre Durgan,Dis hekimi,Tepebasi Mah. Kilise Cad. Ozgeze Is Hani k1,6,BEYAZ standart,60,100,dt,37.191349,40.5865974,
Mardin,Kiziltepe,18.89,Dt. Ferhat Karaaslan,Ferhat Karaaslan Muay.,Dis hekimi,Yeni Mah. 507. Sok. No:4/4,0,BEYAZ standart,60,100,dt,37.1907578,40.5854836,
Mardin,Nusaybin,50.09,Dt. Evrim Unver,Evrim Unver Muay.,Dis hekimi,Nusaybin,0,BEYAZ standart,60,100,dt,37.0781288,41.2167358,
Mardin,Nusaybin,50.38,Dt. Fatma Ozcelik,Fatma Ozcelik Muay.,Dis hekimi,Nusaybin,0,BEYAZ standart,60,100,dt,37.0696449,41.2139969,
Mardin,Nusaybin,50.83,Dt. Kemal Tek,Importina,Dis hekimi,Yeni Turan Mah. Mithatpasa Sok. No:7,0,BEYAZ standart,60,100,dt,37.069416,41.2198753,
Mardin,Midyat,56.54,Dt. Bilgehan Arpag,Bilgehan Arpag Muay.,Dis hekimi,Yunus Emre Mah. Cumhuriyet Blv. No:8,0,BEYAZ standart,60,100,dt,37.4174881,41.360054,
